sample_id,chromosome,start_position,end_position,reference_allele,alternate_allele,gene_symbol,transcript_id,protein_change,consequence_type,clinical_significance,cosmic_id,allele_frequency,read_depth,variant_quality
S001,17,7574003,7574003,G,A,TP53,ENST00000269305,p.R175H,missense_variant,Pathogenic,10662,0.45,120,99.5
S001,17,43094695,43094695,G,C,BRCA1,ENST00000357654,p.R1699W,missense_variant,Pathogenic,10663,0.38,95,98.2
S001,7,55241707,55241707,G,T,EGFR,ENST00000275493,p.G719S,missense_variant,Pathogenic,10664,0.52,110,99.8
S001,8,128748315,128748315,G,A,MYC,ENST00000259523,p.P44L,missense_variant,Uncertain_significance,10665,0.25,85,97.1
S001,12,25245350,25245350,G,A,KRAS,ENST00000256078,p.G12D,missense_variant,Pathogenic,10666,0.67,140,99.9
S002,17,7574003,7574003,G,A,TP53,ENST00000269305,p.R175H,missense_variant,Pathogenic,10667,0.41,115,99.3
S002,17,43094695,43094695,G,C,BRCA1,ENST00000357654,p.R1699W,missense_variant,Pathogenic,10668,0.33,88,98.7
S002,7,55241707,55241707,G,T,EGFR,ENST00000275493,p.G719S,missense_variant,Pathogenic,10669,0.48,105,99.6
S002,8,128748315,128748315,G,A,MYC,ENST00000259523,p.P44L,missense_variant,Uncertain_significance,10670,0.22,78,96.8
S002,12,25245350,25245350,G,A,KRAS,ENST00000256078,p.G12D,missense_variant,Pathogenic,10671,0.71,135,99.8
S003,17,7574003,7574003,G,A,TP53,ENST00000269305,p.R175H,missense_variant,Pathogenic,10672,0.39,108,99.1
S003,17,43094695,43094695,G,C,BRCA1,ENST00000357654,p.R1699W,missense_variant,Pathogenic,10673,0.35,92,98.5
S003,7,55241707,55241707,G,T,EGFR,ENST00000275493,p.G719S,missense_variant,Pathogenic,10674,0.44,98,99.2
S003,8,128748315,128748315,G,A,MYC,ENST00000259523,p.P44L,missense_variant,Uncertain_significance,10675,0.28,82,97.4
S003,12,25245350,25245350,G,A,KRAS,ENST00000256078,p.G12D,missense_variant,Pathogenic,10676,0.63,128,99.7
S004,17,7574003,7574003,G,A,TP53,ENST00000269305,p.R175H,missense_variant,Pathogenic,10677,0.47,122,99.4
S004,17,43094695,43094695,G,C,BRCA1,ENST00000357654,p.R1699W,missense_variant,Pathogenic,10678,0.42,96,98.9
S004,7,55241707,55241707,G,T,EGFR,ENST00000275493,p.G719S,missense_variant,Pathogenic,10679,0.51,112,99.5
S004,8,128748315,128748315,G,A,MYC,ENST00000259523,p.P44L,missense_variant,Uncertain_significance,10680,0.24,86,97.2
S004,12,25245350,25245350,G,A,KRAS,ENST00000256078,p.G12D,missense_variant,Pathogenic,10681,0.69,142,99.9
S005,17,7574003,7574003,G,A,TP53,ENST00000269305,p.R175H,missense_variant,Pathogenic,10682,0.43,118,99.2
S005,17,43094695,43094695,G,C,BRCA1,ENST00000357654,p.R1699W,missense_variant,Pathogenic,10683,0.36,90,98.3
S005,7,55241707,55241707,G,T,EGFR,ENST00000275493,p.G719S,missense_variant,Pathogenic,10684,0.46,107,99.4
S005,8,128748315,128748315,G,A,MYC,ENST00000259523,p.P44L,missense_variant,Uncertain_significance,10685,0.26,84,97.6
S005,12,25245350,25245350,G,A,KRAS,ENST00000256078,p.G12D,missense_variant,Pathogenic,10686,0.65,132,99.8
S006,17,7574003,7574003,G,A,TP53,ENST00000269305,p.R175H,missense_variant,Pathogenic,10687,0.40,113,99.0
S006,17,43094695,43094695,G,C,BRCA1,ENST00000357654,p.R1699W,missense_variant,Pathogenic,10688,0.34,89,98.1
S006,7,55241707,55241707,G,T,EGFR,ENST00000275493,p.G719S,missense_variant,Pathogenic,10689,0.49,103,99.3
S006,8,128748315,128748315,G,A,MYC,ENST00000259523,p.P44L,missense_variant,Uncertain_significance,10690,0.23,80,96.9
S006,12,25245350,25245350,G,A,KRAS,ENST00000256078,p.G12D,missense_variant,Pathogenic,10691,0.72,138,99.9
S007,17,7574003,7574003,G,A,TP53,ENST00000269305,p.R175H,missense_variant,Pathogenic,10692,0.44,119,99.1
S007,17,43094695,43094695,G,C,BRCA1,ENST00000357654,p.R1699W,missense_variant,Pathogenic,10693,0.37,93,98.6
S007,7,55241707,55241707,G,T,EGFR,ENST00000275493,p.G719S,missense_variant,Pathogenic,10694,0.50,109,99.6
S007,8,128748315,128748315,G,A,MYC,ENST00000259523,p.P44L,missense_variant,Uncertain_significance,10695,0.25,83,97.3
S007,12,25245350,25245350,G,A,KRAS,ENST00000256078,p.G12D,missense_variant,Pathogenic,10696,0.68,136,99.8
S008,17,7574003,7574003,G,A,TP53,ENST00000269305,p.R175H,missense_variant,Pathogenic,10697,0.38,116,99.2
S008,17,43094695,43094695,G,C,BRCA1,ENST00000357654,p.R1699W,missense_variant,Pathogenic,10698,0.32,87,98.4
S008,7,55241707,55241707,G,T,EGFR,ENST00000275493,p.G719S,missense_variant,Pathogenic,10699,0.47,106,99.5
S008,8,128748315,128748315,G,A,MYC,ENST00000259523,p.P44L,missense_variant,Uncertain_significance,10700,0.21,79,96.7
S008,12,25245350,25245350,G,A,KRAS,ENST00000256078,p.G12D,missense_variant,Pathogenic,10701,0.70,134,99.9
S009,17,7574003,7574003,G,A,TP53,ENST00000269305,p.R175H,missense_variant,Pathogenic,10702,0.42,117,99.3
S009,17,43094695,43094695,G,C,BRCA1,ENST00000357654,p.R1699W,missense_variant,Pathogenic,10703,0.35,91,98.7
S009,7,55241707,55241707,G,T,EGFR,ENST00000275493,p.G719S,missense_variant,Pathogenic,10704,0.45,104,99.4
S009,8,128748315,128748315,G,A,MYC,ENST00000259523,p.P44L,missense_variant,Uncertain_significance,10705,0.27,81,97.5
S009,12,25245350,25245350,G,A,KRAS,ENST00000256078,p.G12D,missense_variant,Pathogenic,10706,0.64,130,99.7
S010,17,7574003,7574003,G,A,TP53,ENST00000269305,p.R175H,missense_variant,Pathogenic,10707,0.46,121,99.4
S010,17,43094695,43094695,G,C,BRCA1,ENST00000357654,p.R1699W,missense_variant,Pathogenic,10708,0.41,94,98.8
S010,7,55241707,55241707,G,T,EGFR,ENST00000275493,p.G719S,missense_variant,Pathogenic,10709,0.52,111,99.7
S010,8,128748315,128748315,G,A,MYC,ENST00000259523,p.P44L,missense_variant,Uncertain_significance,10710,0.24,85,97.1
S010,12,25245350,25245350,G,A,KRAS,ENST00000256078,p.G12D,missense_variant,Pathogenic,10711,0.66,133,99.8
