ssm_id,genomic_dna_change,chromosome,start_position,end_position,reference_allele,tumor_allele,gene_symbol,consequence_type,aa_change,ncbi_build
38a9219b-d1c2-505e-88e7-b25f5413a0f4,chr12:g.8059031G>T,chr12,8059031,8059031,G,T,C3AR1,downstream_gene_variant,,GRCh38
c80b613a-8c5f-5cd5-a02d-0ea03d30fbdb,chr1:g.152112925C>A,chr1,152112925,152112925,C,A,TCHH,stop_gained,E98*,GRCh38
7992ca42-87b5-5512-b00b-0282ca8d7c2b,chr22:g.30495958G>A,chr22,30495958,30495958,G,A,SEC14L4,synonymous_variant,D48=,GRCh38
9ee9e66b-bb4c-5370-8356-7f35da421a96,chr7:g.55861961T>C,chr7,55861961,55861961,T,C,SEPTIN14,missense_variant,I12M,GRCh38
c74e52ae-9969-5d21-bb1b-29fcf856ceb3,chr2:g.200861318A>C,chr2,200861318,200861318,A,C,CLK1,upstream_gene_variant,,GRCh38
fa3cb838-8ff6-5768-bd39-5924f59b9f2a,chr17:g.70133030G>C,chr17,70133030,70133030,G,C,KCNJ16,missense_variant,E315Q,GRCh38
04d4fef9-c061-52cf-a63f-866f31cf5078,chr3:g.39281685G>A,chr3,39281685,39281685,G,A,CX3CR1,upstream_gene_variant,,GRCh38
07b9ab4a-84eb-59e2-9bd4-9ebdfe2ae87c,chr22:g.36929545C>T,chr22,36929545,36929545,C,T,CSF2RB,stop_gained,Q179*,GRCh38
0b1ec71e-233a-52d3-b5a2-ab08cbd369c6,chr11:g.101958174A>C,chr11,101958174,101958174,A,C,CEP126,3_prime_UTR_variant,,GRCh38
d1a6d33d-4d72-5d0d-9492-5c6e14923c09,chrX:g.21432763C>T,chrX,21432763,21432763,C,T,CNKSR2,non_coding_transcript_exon_variant,,GRCh38
f3a75239-1b27-5dc5-80d4-db60e6070e31,chr4:g.99420574C>T,chr4,99420574,99420574,C,T,ADH7,upstream_gene_variant,,GRCh38
fc9f2922-c619-5940-a702-b948c43459fc,chr5:g.112839691C>T,chr5,112839691,112839691,C,T,APC,missense_variant,A1366V,GRCh38
0a7cc7f5-b7ac-51d6-ba15-ad834fe44bb5,chr15:g.90228002A>C,chr15,90228002,90228002,A,C,SEMA4B,missense_variant,N203H,GRCh38
a17c0085-2c77-5aab-bad6-078bbfefa3e3,chr14:g.62081147G>A,chr14,62081147,62081147,G,A,SYT16,5_prime_UTR_variant,,GRCh38
28edebdd-5275-5481-886b-9145148f4454,chr8:g.3493702A>C,chr8,3493702,3493702,A,C,CSMD1,missense_variant,F458V,GRCh38
aa4a51c8-0c85-5bba-b730-c9fc01ae258f,chr15:g.43528177C>T,chr15,43528177,43528177,C,T,MAP1A,missense_variant,S2235L,GRCh38
4c6a7ecd-d06a-5cba-b4d3-3d7376077647,chr2:g.186506716G>C,chr2,186506716,186506716,G,C,ZC3H15,non_coding_transcript_exon_variant,,GRCh38
fe561b43-5915-5083-8621-09ecd9105422,chr13:g.75326404G>A,chr13,75326404,75326404,G,A,TBC1D4,missense_variant,S121F,GRCh38
a8c94928-91e2-525b-95b7-615900719f2e,chr17:g.80883447delT,chr17,80883447,80883447,T,-,RPTOR,non_coding_transcript_exon_variant,,GRCh38
ea0b49ae-5cd1-5dea-a0ac-dd826ac9d5ab,chr8:g.138685255C>T,chr8,138685255,138685255,C,T,COL22A1,missense_variant,A974T,GRCh38
c306a986-5d3f-5fa3-9a27-36f600b2b642,chr19:g.9610339C>T,chr19,9610339,9610339,C,T,ZNF561,downstream_gene_variant,,GRCh38
ed310211-4909-5029-b6ba-04328c2c2f66,chr19:g.8952904C>T,chr19,8952904,8952904,C,T,MUC16,missense_variant,D7956N,GRCh38
d897a07c-0707-553a-ada7-47f0de8d43c3,chrX:g.147943298C>T,chrX,147943298,147943298,C,T,FMR1,synonymous_variant,H460=,GRCh38
ebb833fa-3292-5b47-b04c-01fb510b437e,chr19:g.54219197A>C,chr19,54219197,54219197,A,C,LILRB3,downstream_gene_variant,,GRCh38
fa0f9d9d-a2ce-585d-9fb5-53b3c714a1a8,chr12:g.133010811T>A,chr12,133010811,133010811,T,A,ZNF26,non_coding_transcript_exon_variant,,GRCh38
74d3ce31-88b4-5d54-a333-dccea80fc371,chr20:g.36998830C>A,chr20,36998830,36998830,C,A,RBL1,downstream_gene_variant,,GRCh38
33e03bc4-fa9d-5a45-94c8-9ef053f90fa0,chr16:g.18538956G>A,chr16,18538956,18538956,G,A,NOMO2,synonymous_variant,F157=,GRCh38
4b1b72c9-6313-582f-9e4d-b7113988aeb2,chr10:g.61940282G>A,chr10,61940282,61940282,G,A,ARID5B,missense_variant,A126T,GRCh38
13f2ce05-8413-55da-834b-e33735c3f55c,chr11:g.118901063G>T,chr11,118901063,118901063,G,T,BCL9L,downstream_gene_variant,,GRCh38
5cce8c26-b92d-5a75-be05-aa0aa4d196a3,chrX:g.40682971C>T,chrX,40682971,40682971,C,T,MED14,missense_variant,E695K,GRCh38
52e6d5c5-2691-5d5b-8ae5-5fe7e46dc76c,chr5:g.45261954G>A,chr5,45261954,45261954,G,A,HCN1,non_coding_transcript_exon_variant,,GRCh38
58c38e08-a782-5622-b47e-c12ce6ac2cb8,chr20:g.59885934G>A,chr20,59885934,59885934,G,A,SYCP2,synonymous_variant,L841=,GRCh38
037e2731-9944-5b24-92c1-759c27908356,chr14:g.22314918G>A,chr14,22314918,22314918,G,A,TRAV40,incomplete_terminal_codon_variant,*106=,GRCh38
f6729c7a-c89f-553d-9c6f-8e55f7e52c3e,chr4:g.122408016G>C,chr4,122408016,122408016,G,C,ADAD1,missense_variant,R278T,GRCh38
eb6c57ad-122d-5b31-b05f-9de66e3de2cf,chr2:g.45562715C>T,chr2,45562715,45562715,C,T,SRBD1,synonymous_variant,T449=,GRCh38
f31fa139-b8e9-5297-9881-c4e46b2df096,chr11:g.128904518G>C,chr11,128904518,128904518,G,C,C11orf45,missense_variant,P17A,GRCh38
8f8f717f-0520-51b8-b30e-65f58c8389b0,chr7:g.107689177G>A,chr7,107689177,107689177,G,A,SLC26A4,upstream_gene_variant,,GRCh38
117f482c-2c6a-5b1d-a819-e713ec9dee5c,chr2:g.169320793C>A,chr2,169320793,169320793,C,A,LRP2,synonymous_variant,A57=,GRCh38
dd8c2e28-b317-5ea2-bb26-f354a602afbb,chr5:g.177458057C>G,chr5,177458057,177458057,C,G,DBN1,splice_donor_variant,X638_splice,GRCh38
4b717cab-3767-531d-9b8a-6e0c335148d2,chr15:g.88845756G>T,chr15,88845756,88845756,G,T,ACAN,stop_gained,E435*,GRCh38
6676cb9d-8147-5f0f-8efe-7168050f4a65,chr18:g.58919851G>T,chr18,58919851,58919851,G,T,ZNF532,downstream_gene_variant,,GRCh38
8833fba1-7211-55e7-8d46-6f1d1136daca,chr2:g.42767624A>C,chr2,42767624,42767624,A,C,HAAO,downstream_gene_variant,,GRCh38
989b19df-0e97-52f8-992d-563c2d268f51,chr10:g.26088224G>A,chr10,26088224,26088224,G,A,MYO3A,missense_variant,E461K,GRCh38
7a3b1c15-c5db-50a9-b1e6-5b202ad7bdf7,chr8:g.86556285G>A,chr8,86556285,86556285,G,A,CPNE3,non_coding_transcript_exon_variant,,GRCh38
f4fcbf91-1fdf-5188-ba1a-fe4c3f52a90c,chr12:g.103708518G>T,chr12,103708518,103708518,G,T,STAB2,stop_gained,G1424*,GRCh38
5f9fffc5-d216-580f-844c-a35fe092c76a,chr12:g.66324037G>T,chr12,66324037,66324037,G,T,HELB,3_prime_UTR_variant,,GRCh38
b39f4091-a1dc-5bb6-85d9-7e8a9666a768,chr9:g.121782399G>C,chr9,121782399,121782399,G,C,DAB2IP,missense_variant,E1157D,GRCh38
5c994c96-2d6f-57c1-8511-e77c46c55143,chr5:g.113434723C>T,chr5,113434723,113434723,C,T,TSSK1B,synonymous_variant,A39=,GRCh38
779ce238-6436-549b-baae-58720568f87f,chr11:g.62146657delG,chr11,62146657,62146657,G,-,INCENP,splice_acceptor_variant,X654_splice,GRCh38
1e52c0af-7945-5b4f-b444-88d74e3de52b,chr6:g.165298052G>A,chr6,165298052,165298052,G,A,C6orf118,upstream_gene_variant,,GRCh38
26cd516d-682f-582d-a7c4-f797daadd4db,chr5:g.56884709_56884710insA,chr5,56884709,56884710,-,A,MAP3K1,upstream_gene_variant,,GRCh38
9bef6ece-ac84-502b-8ea9-ff1833f2a769,chr19:g.55368932C>G,chr19,55368932,55368932,C,G,IL11,5_prime_UTR_variant,,GRCh38
b28cdd46-912c-51ca-bf72-c90be82b860b,chr1:g.177280940C>A,chr1,177280940,177280940,C,A,BRINP2,non_coding_transcript_exon_variant,,GRCh38
1a7b4c26-858f-5d7e-9a68-5d0b8dfb0b29,chr7:g.105107778G>A,chr7,105107778,105107778,G,A,KMT2E,3_prime_UTR_variant,,GRCh38
3b078640-1890-5235-bb00-f1fef941adf5,chr4:g.69097127G>A,chr4,69097127,69097127,G,A,UGT2B7,missense_variant,D203N,GRCh38
53766371-48f6-59c7-9dc8-cb6a4a0ccecc,chrX:g.80684069T>C,chrX,80684069,80684069,T,C,BRWD3,missense_variant,K1392E,GRCh38
385a1012-09c5-5d77-99a1-01c8c368132a,chr13:g.109127366C>T,chr13,109127366,109127366,C,T,MYO16,synonymous_variant,L1289=,GRCh38
33b7e7cc-e448-596b-af3a-cf5623802ff5,chr6:g.46859067T>C,chr6,46859067,46859067,T,C,ADGRF5,missense_variant,S946G,GRCh38
762ac304-4f40-5bd9-927e-fca99a6fdf2f,chr10:g.121565450C>T,chr10,121565450,121565450,C,T,FGFR2,intron_variant,,GRCh38
ef935151-f98a-5990-9d47-77360243462b,chr8:g.47830694C>T,chr8,47830694,47830694,C,T,PRKDC,missense_variant,V2770I,GRCh38
27bd0a46-6ea2-5230-a5a8-362265c3a316,chr3:g.171018615delC,chr3,171018615,171018615,C,-,SLC2A2,frameshift_variant,T9Pfs*22,GRCh38
1ef78121-1494-5b1a-93c4-6b710c850716,chr4:g.125317135G>A,chr4,125317135,125317135,G,A,FAT4,intron_variant,,GRCh38
b7102f2e-79ce-5519-9e4c-5bd61c4b6c5f,chrX:g.128051447C>G,chrX,128051447,128051447,C,G,ACTRT1,missense_variant,E254Q,GRCh38
1a8b3120-94df-5ee6-b045-7ebf2b7dc3ff,chr6:g.106520044G>T,chr6,106520044,106520044,G,T,CRYBG1,stop_gained,G946*,GRCh38
9b5d4efd-9d68-5d49-8999-129fd1e85622,chr17:g.50626243C>T,chr17,50626243,50626243,C,T,CACNA1G,missense_variant,P2109L,GRCh38
98294044-4fbc-5943-8fa0-6250ae057af7,chr1:g.231374080G>A,chr1,231374080,231374080,G,A,EGLN1,missense_variant,P304L,GRCh38
cfe5438f-f441-5c23-af6b-8f10fa61782c,chr8:g.47927333C>T,chr8,47927333,47927333,C,T,PRKDC,non_coding_transcript_exon_variant,,GRCh38
81c0095d-d1f0-5ea2-b468-a4db112d0059,chr4:g.1935244C>G,chr4,1935244,1935244,C,G,NSD2,missense_variant,D552E,GRCh38
0a6094c1-37c1-50b7-b25d-9e68ec56936b,chr15:g.77615060C>T,chr15,77615060,77615060,C,T,LINGO1,downstream_gene_variant,,GRCh38
7c49b4f9-c24c-5505-a46a-1101566e7f6b,chr3:g.52362996C>T,chr3,52362996,52362996,C,T,DNAH1,downstream_gene_variant,,GRCh38
a4ba27b1-95fe-5fa2-ad28-1ec309789246,chr1:g.1331863G>A,chr1,1331863,1331863,G,A,TAS1R3,synonymous_variant,L139=,GRCh38
62b53c3a-e59d-5fd1-872e-0236ea4b65f0,chr4:g.154744740C>T,chr4,154744740,154744740,C,T,LRAT,synonymous_variant,N138=,GRCh38
038331be-d98c-53df-9e9e-860b427d366c,chr11:g.57489361G>A,chr11,57489361,57489361,G,A,SLC43A1,downstream_gene_variant,,GRCh38
c130d5ce-f501-545c-9bca-4c8ac74ab460,chr8:g.138151594A>C,chr8,138151594,138151594,A,C,FAM135B,missense_variant,C961G,GRCh38
66a0477b-7a33-5290-bf53-74897fa1ffe7,chr5:g.95591520G>A,chr5,95591520,95591520,G,A,ARSK,3_prime_UTR_variant,,GRCh38
a162826b-2302-543a-9bbc-c42232470606,chr1:g.200600070G>C,chr1,200600070,200600070,G,C,KIF14,missense_variant,Q782E,GRCh38
f09108d2-a260-5c86-a70d-f700742b749c,chrX:g.18203686G>C,chrX,18203686,18203686,G,C,BEND2,missense_variant,A241G,GRCh38
6b4dab91-0ab0-580f-95c0-57367a12a762,chr20:g.35347215G>C,chr20,35347215,35347215,G,C,UQCC1,intron_variant,,GRCh38
18b423e1-adbd-57df-9f36-7b8dc6aa8eda,chr2:g.32127003G>A,chr2,32127003,32127003,G,A,SPAST,missense_variant,G384E,GRCh38
a2a014d7-86a6-5666-a357-552f776f8b5b,chr5:g.73882571A>G,chr5,73882571,73882571,A,G,ARHGEF28,non_coding_transcript_exon_variant,,GRCh38
c56d5ad0-3dc6-51a0-a84e-8e15606e35fe,chr14:g.60977564G>A,chr14,60977564,60977564,G,A,TRMT5,stop_gained,R248*,GRCh38
2cfd75f7-f9e1-58ca-80c4-c97d6b238131,chr17:g.31305549delA,chr17,31305549,31305549,A,-,EVI2B,frameshift_variant,S21Qfs*92,GRCh38
c215ae58-74bd-55d2-98fa-39045497f3c8,chr1:g.45569921delG,chr1,45569921,45569921,G,-,AKR1A1,downstream_gene_variant,,GRCh38
06174e90-996b-572c-8e62-8cbb7fb08c27,chr2:g.137667861G>A,chr2,137667861,137667861,G,A,THSD7B,missense_variant,C1551Y,GRCh38
26bad932-3bea-515b-b61d-05aa5e2cddb9,chr16:g.67961678G>C,chr16,67961678,67961678,G,C,SLC12A4,missense_variant,S80W,GRCh38
1a473eb1-d9c5-5bca-9638-5f1d1af795f7,chr12:g.56431571G>A,chr12,56431571,56431571,G,A,TIMELESS,missense_variant,R240C,GRCh38
da425485-2785-5ae8-b018-af98adf72c5c,chr6:g.150972018T>C,chr6,150972018,150972018,T,C,MTHFD1L,non_coding_transcript_exon_variant,,GRCh38
41d15200-db89-5d8f-8438-3528ada5e885,chr2:g.132785580G>A,chr2,132785580,132785580,G,A,NCKAP5,stop_gained,R411*,GRCh38
ede2407a-83ea-599c-84e1-eb9fd4b468aa,chr1:g.15933987G>A,chr1,15933987,15933987,G,A,SPEN,upstream_gene_variant,,GRCh38
12834cf5-b29e-5fb0-a328-cb606cd479dd,chrX:g.141881552T>G,chrX,141881552,141881552,T,G,MAGEC3,missense_variant,F222C,GRCh38
ca5810b6-7dd6-5190-b29e-784faa344d08,chrX:g.119871231C>T,chrX,119871231,119871231,C,T,RNF113A,missense_variant,R128H,GRCh38
0bf67f3f-8246-54ea-b322-5cb15cee658f,chr9:g.27217709A>G,chr9,27217709,27217709,A,G,TEK,missense_variant,M857V,GRCh38
3dfbbdbc-0c9b-5077-8e64-7a2fae3598bf,chr1:g.154257389G>A,chr1,154257389,154257389,G,A,UBAP2L,synonymous_variant,L130=,GRCh38
99766343-a131-54e8-adca-a2572c032e3c,chr17:g.80353040G>T,chr17,80353040,80353040,G,T,RNF213,synonymous_variant,A3517=,GRCh38
b61c030a-5015-5a40-b551-294a4619d1fe,chr14:g.20326474T>A,chr14,20326474,20326474,T,A,CCNB1IP1,intron_variant,,GRCh38
7b477fee-3618-5f02-b883-a277b0db6d42,chr5:g.124701266C>T,chr5,124701266,124701266,C,T,ZNF608,missense_variant,D304N,GRCh38
2184cb3d-0219-58b5-a489-e660887fc64b,chr20:g.18526452G>C,chr20,18526452,18526452,G,C,SEC23B,missense_variant,G305A,GRCh38
2b4b11a2-5edb-5893-a7c0-a7a6838643ed,chr21:g.45468726delGGAGCCTGGCGCC,chr21,45468726,45468738,GGAGCCTGGCGCC,-,COL18A1,frameshift_variant,E198Gfs*18,GRCh38
70201f92-d147-5ce5-8b6e-8c68bc8df2cd,chr1:g.23068548G>A,chr1,23068548,23068548,G,A,KDM1A,missense_variant,E373K,GRCh38
f1fe1905-ca08-503a-9aaa-6ba61831d39c,chr6:g.151349190G>C,chr6,151349190,151349190,G,C,AKAP12,missense_variant,E267Q,GRCh38
